0.png,1
1.png,2
2.png,3
3.png,4
4.png,5
5.png,6
6.png,7
7.png,8
8.png,9
9.png,10
10.png,10
11.png,10
12.png,10
13.png,1
14.png,2
15.png,3
16.png,4
17.png,5
18.png,6
19.png,7
20.png,8
21.png,9
22.png,10
23.png,10
24.png,10
25.png,10
26.png,1
27.png,2
28.png,3
29.png,4
30.png,5
31.png,6
32.png,7
33.png,8
34.png,9
35.png,10
36.png,10
37.png,10
38.png,10
39.png,1
40.png,2
41.png,3
42.png,4
43.png,5
44.png,6
45.png,7
46.png,8
47.png,9
48.png,10
49.png,10
50.png,10
51.png,10